id,title,person,liked_recipes,prepare_recipes,fit_preference,know_many,recommend_recipe,many_to_choose,easy_choice,choice_overwhelming,sys_time,unders_sys,many_actions,understandability,effectiveness,nudge_eval,created,session_id
2,EvaluateChoices,3,Agree,Agree,Agree,Agree,Agree,Neutral,Agree,Disagree,Strongly_Disagree,Agree,Disagree,Neutral,Agree,Agree,2024-12-11 09:25:59.888112+00:00,62a62e9de4093c6fd9dd43f0
3,EvaluateChoices,5,Strongly_Agree,Strongly_Agree,Strongly_Agree,Agree,Agree,Neutral,Agree,Disagree,Disagree,Agree,Strongly_Disagree,Agree,Agree,Neutral,2024-12-11 09:28:49.504799+00:00,5aed67f69457e00001054b11
4,EvaluateChoices,4,Strongly_Agree,Strongly_Agree,Strongly_Agree,Strongly_Agree,Strongly_Agree,Disagree,Strongly_Agree,Strongly_Disagree,Strongly_Disagree,Agree,Strongly_Agree,Strongly_Agree,Strongly_Agree,Strongly_Agree,2024-12-11 09:29:50.839001+00:00,66a398080da27efcc3e8ecef
5,EvaluateChoices,6,Strongly_Agree,Agree,Strongly_Agree,Neutral,Agree,Disagree,Agree,Strongly_Disagree,Strongly_Disagree,Agree,Strongly_Disagree,Agree,Disagree,Strongly_Disagree,2024-12-11 09:30:50.512621+00:00,5e130b3f54e2f09436f73393
6,EvaluateChoices,8,Disagree,Disagree,Neutral,Strongly_Agree,Neutral,Disagree,Agree,Disagree,Strongly_Disagree,Agree,Disagree,Disagree,Agree,Disagree,2024-12-11 09:36:37.091240+00:00,651f3a4f8b1f6b41f425e8f2
7,EvaluateChoices,9,Strongly_Agree,Neutral,Agree,Agree,Agree,Disagree,Agree,Strongly_Disagree,Strongly_Disagree,Strongly_Agree,Strongly_Disagree,Agree,Agree,Agree,2024-12-11 09:43:40.062986+00:00,64526be1abfd84e77ccaeb63
8,EvaluateChoices,14,Agree,Agree,Agree,Strongly_Agree,Disagree,Neutral,Neutral,Disagree,Strongly_Disagree,Agree,Neutral,Agree,Neutral,Neutral,2024-12-11 09:43:48.673668+00:00,67223b79a4d01f12dc860c42
9,EvaluateChoices,10,Strongly_Agree,Strongly_Agree,Strongly_Agree,Neutral,Strongly_Agree,Strongly_Disagree,Strongly_Agree,Strongly_Disagree,Strongly_Disagree,Strongly_Agree,Strongly_Disagree,Strongly_Agree,Agree,Disagree,2024-12-11 09:44:00.888202+00:00,666f0633ccab5a7364baf7c5
10,EvaluateChoices,13,Agree,Neutral,Agree,Agree,Disagree,Agree,Neutral,Disagree,Disagree,Agree,Disagree,Disagree,Neutral,Disagree,2024-12-11 09:44:03.716038+00:00,66a24d01cdcb14bc874d3ee9
11,EvaluateChoices,11,Neutral,Neutral,Disagree,Agree,Disagree,Neutral,Disagree,Disagree,Disagree,Agree,Disagree,Disagree,Disagree,Disagree,2024-12-11 09:44:09.418984+00:00,6658c035eacd7bcadeef89ea
12,EvaluateChoices,15,Agree,Agree,Agree,Disagree,Agree,Neutral,Agree,Disagree,Disagree,Agree,Disagree,Neutral,Disagree,Disagree,2024-12-11 09:44:47.926603+00:00,5877f454127d7700018b1bdf
13,EvaluateChoices,12,Neutral,Neutral,Agree,Agree,Neutral,Disagree,Agree,Neutral,Disagree,Agree,Neutral,Agree,Agree,Neutral,2024-12-11 09:46:19.843545+00:00,5964a054b9153e000161710d
14,EvaluateChoices,21,Agree,Agree,Agree,Agree,Neutral,Disagree,Agree,Strongly_Disagree,Strongly_Disagree,Agree,Neutral,Agree,Agree,Neutral,2024-12-11 09:46:39.456211+00:00,5de7ad0ca1a3fb7217ec3365
15,EvaluateChoices,19,Agree,Agree,Agree,Strongly_Agree,Neutral,Disagree,Agree,Disagree,Disagree,Agree,Disagree,Agree,Neutral,Agree,2024-12-11 09:47:25.004618+00:00,5ccd9718b6494d0001dee261
16,EvaluateChoices,24,Agree,Agree,Agree,Neutral,Neutral,Disagree,Agree,Disagree,Disagree,Neutral,Agree,Agree,Neutral,Neutral,2024-12-11 09:47:46.904012+00:00,6667fa049da88a68344befc2
17,EvaluateChoices,17,Agree,Agree,Neutral,Neutral,Agree,Disagree,Agree,Strongly_Disagree,Disagree,Agree,Strongly_Disagree,Agree,Agree,Agree,2024-12-11 09:47:55.890243+00:00,6750d6364a372d312d35330a
18,EvaluateChoices,20,Strongly_Agree,Agree,Agree,Agree,Neutral,Strongly_Disagree,Strongly_Agree,Strongly_Disagree,Strongly_Disagree,Strongly_Agree,Strongly_Disagree,Agree,Neutral,Agree,2024-12-11 09:48:47.815241+00:00,58fb83d9f3c0f100015d5c45
19,EvaluateChoices,22,Disagree,Disagree,Neutral,Agree,Disagree,Disagree,Disagree,Disagree,Disagree,Agree,Disagree,Agree,Disagree,Neutral,2024-12-11 09:49:46.298326+00:00,653e7cda114b6a662357f026
20,EvaluateChoices,25,Strongly_Disagree,Strongly_Disagree,Strongly_Disagree,Disagree,Strongly_Disagree,Disagree,Neutral,Disagree,Strongly_Disagree,Disagree,Agree,Agree,Disagree,Agree,2024-12-11 09:50:09.449208+00:00,5a1dda5480acd8000104a12b
21,EvaluateChoices,23,Neutral,Disagree,Strongly_Disagree,Agree,Neutral,Agree,Strongly_Disagree,Strongly_Disagree,Disagree,Neutral,Disagree,Neutral,Strongly_Agree,Neutral,2024-12-11 09:52:28.299441+00:00,5de54842a7cb240cb3c34933
22,EvaluateChoices,18,Agree,Strongly_Agree,Strongly_Agree,Neutral,Agree,Disagree,Strongly_Agree,Strongly_Disagree,Disagree,Agree,Disagree,Strongly_Agree,Agree,Agree,2024-12-11 09:54:22.367177+00:00,6581c0d833f32d42d1790ee1
23,EvaluateChoices,27,Agree,Neutral,Agree,Agree,Neutral,Agree,Disagree,Neutral,Disagree,Agree,Disagree,Neutral,Neutral,Disagree,2024-12-11 10:07:24.007435+00:00,60dddb1b0ac9d871e7352b58
24,EvaluateChoices,26,Strongly_Agree,Strongly_Agree,Strongly_Agree,Neutral,Agree,Strongly_Disagree,Strongly_Agree,Strongly_Disagree,Strongly_Disagree,Strongly_Agree,Strongly_Disagree,Agree,Neutral,Agree,2024-12-11 10:07:52.652910+00:00,66847cc7c67232fae11af5b3
25,EvaluateChoices,37,Agree,Neutral,Neutral,Strongly_Agree,Neutral,Disagree,Agree,Disagree,Disagree,Agree,Disagree,Agree,Disagree,Neutral,2024-12-11 10:08:01.656667+00:00,665590d01689b3598b61e4a1
26,EvaluateChoices,29,Strongly_Agree,Strongly_Agree,Strongly_Agree,Agree,Neutral,Disagree,Agree,Disagree,Disagree,Agree,Strongly_Disagree,Neutral,Neutral,Neutral,2024-12-11 10:08:03.845705+00:00,6560d43fc84f57af66b900f8
27,EvaluateChoices,28,Agree,Neutral,Strongly_Agree,Agree,Neutral,Disagree,Agree,Disagree,Disagree,Agree,Disagree,Agree,Agree,Agree,2024-12-11 10:08:09.242004+00:00,651ab64d39658e91e9469f16
28,EvaluateChoices,35,Strongly_Agree,Agree,Strongly_Agree,Agree,Agree,Strongly_Disagree,Strongly_Agree,Strongly_Disagree,Strongly_Disagree,Strongly_Agree,Strongly_Disagree,Agree,Agree,Strongly_Agree,2024-12-11 10:08:13.585649+00:00,5693df018d93fe000dfa5733
29,EvaluateChoices,33,Strongly_Agree,Agree,Agree,Agree,Neutral,Disagree,Agree,Strongly_Disagree,Strongly_Disagree,Agree,Strongly_Disagree,Agree,Agree,Agree,2024-12-11 10:08:40.602031+00:00,5b15821c1e55760001ba20d0
30,EvaluateChoices,32,Neutral,Neutral,Agree,Strongly_Agree,Neutral,Strongly_Disagree,Agree,Strongly_Disagree,Disagree,Disagree,Strongly_Disagree,Disagree,Disagree,Agree,2024-12-11 10:08:57.159954+00:00,662953ec9eb86f144a8ff52b
31,EvaluateChoices,34,Agree,Disagree,Neutral,Agree,Disagree,Disagree,Agree,Disagree,Disagree,Agree,Disagree,Neutral,Neutral,Agree,2024-12-11 10:09:03.236530+00:00,670e3a1047073db38ce544b0
32,EvaluateChoices,30,Neutral,Strongly_Agree,Agree,Neutral,Neutral,Strongly_Disagree,Agree,Disagree,Strongly_Disagree,Strongly_Agree,Strongly_Disagree,Neutral,Neutral,Neutral,2024-12-11 10:09:05.018719+00:00,612cb8ab5ad60fc4504e073f
33,EvaluateChoices,40,Strongly_Agree,Agree,Agree,Neutral,Agree,Strongly_Disagree,Strongly_Agree,Strongly_Disagree,Strongly_Disagree,Strongly_Agree,Strongly_Disagree,Agree,Disagree,Agree,2024-12-11 10:09:16.280622+00:00,5fd3ae848ae14804a02b116d
34,EvaluateChoices,41,Agree,Agree,Agree,Neutral,Neutral,Disagree,Agree,Strongly_Disagree,Disagree,Agree,Strongly_Disagree,Neutral,Neutral,Disagree,2024-12-11 10:09:53.471722+00:00,5e38617987cb0602fed6d8b1
35,EvaluateChoices,31,Agree,Agree,Agree,Neutral,Agree,Disagree,Agree,Disagree,Disagree,Agree,Disagree,Agree,Agree,Agree,2024-12-11 10:10:17.372661+00:00,5ea047d315537303f1e60ef9
36,EvaluateChoices,38,Agree,Agree,Agree,Neutral,Agree,Disagree,Neutral,Disagree,Strongly_Disagree,Agree,Disagree,Neutral,Neutral,Neutral,2024-12-11 10:10:27.413130+00:00,6617d376619a2b4541498f2c
37,EvaluateChoices,39,Agree,Agree,Strongly_Agree,Agree,Neutral,Neutral,Agree,Disagree,Disagree,Strongly_Agree,Disagree,Agree,Neutral,Neutral,2024-12-11 10:10:32.704197+00:00,65b3beb4463142ec09dfa888
38,EvaluateChoices,36,Neutral,Neutral,Disagree,Strongly_Agree,Disagree,Agree,Neutral,Disagree,Disagree,Neutral,Disagree,Neutral,Agree,Strongly_Agree,2024-12-11 10:10:37.226657+00:00,63dba7f5878fe280d1be7949
39,EvaluateChoices,44,Agree,Agree,Agree,Agree,Disagree,Neutral,Neutral,Disagree,Disagree,Agree,Disagree,Agree,Agree,Agree,2024-12-11 10:13:17.055384+00:00,645d03acd1302079adbc39f9
40,EvaluateChoices,45,Agree,Neutral,Agree,Agree,Neutral,Disagree,Neutral,Strongly_Disagree,Disagree,Agree,Disagree,Agree,Agree,Agree,2024-12-11 10:14:34.142144+00:00,5a775b638fe2dc00010579b2
41,EvaluateChoices,43,Agree,Agree,Agree,Agree,Agree,Disagree,Agree,Disagree,Disagree,Agree,Disagree,Agree,Disagree,Disagree,2024-12-11 10:17:29.447023+00:00,672c93c50646371ebd158451
42,EvaluateChoices,42,Strongly_Agree,Agree,Agree,Neutral,Strongly_Agree,Disagree,Agree,Disagree,Agree,Agree,Agree,Agree,Agree,Agree,2024-12-11 10:24:33.699486+00:00,671f853874a5d345f3ecfe19
43,EvaluateChoices,46,Strongly_Agree,Agree,Agree,Agree,Strongly_Agree,Strongly_Disagree,Strongly_Agree,Strongly_Disagree,Strongly_Disagree,Strongly_Agree,Strongly_Agree,Agree,Agree,Agree,2024-12-11 10:26:22.370112+00:00,66095f32c9a782ed6acaf8fb
44,EvaluateChoices,47,Strongly_Agree,Strongly_Agree,Agree,Neutral,Agree,Strongly_Disagree,Strongly_Agree,Strongly_Disagree,Strongly_Disagree,Strongly_Agree,Disagree,Strongly_Agree,Agree,Strongly_Agree,2024-12-11 10:27:59.036097+00:00,5e70bd5480f43a0009625d4c
45,EvaluateChoices,48,Disagree,Disagree,Neutral,Strongly_Agree,Neutral,Disagree,Neutral,Disagree,Disagree,Agree,Disagree,Agree,Disagree,Neutral,2024-12-11 10:30:28.636822+00:00,5aab99693b97410001a8e5a7
46,EvaluateChoices,49,Agree,Neutral,Agree,Neutral,Agree,Agree,Neutral,Strongly_Disagree,Disagree,Strongly_Agree,Neutral,Agree,Agree,Neutral,2024-12-11 10:32:35.909667+00:00,572f526c3c27e7000e0b8aaa
47,EvaluateChoices,50,Agree,Agree,Agree,Neutral,Agree,Disagree,Agree,Disagree,Disagree,Agree,Agree,Agree,Agree,Agree,2024-12-11 10:35:52.023890+00:00,674740c22c4a0584ab7fdb81
48,EvaluateChoices,52,Agree,Agree,Agree,Neutral,Agree,Disagree,Strongly_Agree,Strongly_Agree,Disagree,Agree,Disagree,Agree,Agree,Agree,2024-12-11 10:38:18.368413+00:00,674c1f69ec501e4a3a1324a3
49,EvaluateChoices,51,Agree,Strongly_Agree,Agree,Agree,Neutral,Agree,Disagree,Agree,Neutral,Agree,Neutral,Agree,Neutral,Agree,2024-12-11 10:39:13.253719+00:00,67311b436baff30462230061
50,EvaluateChoices,53,Strongly_Agree,Agree,Strongly_Agree,Neutral,Neutral,Neutral,Agree,Strongly_Disagree,Strongly_Disagree,Strongly_Agree,Strongly_Disagree,Strongly_Agree,Agree,Agree,2024-12-11 11:04:30.930979+00:00,5654166804212700054a12aa
51,EvaluateChoices,54,Agree,Strongly_Disagree,Neutral,Strongly_Agree,Neutral,Agree,Neutral,Agree,Strongly_Disagree,Agree,Disagree,Agree,Neutral,Neutral,2024-12-11 13:48:12.802333+00:00,5d9a6e6bf788b00012763417
52,EvaluateChoices,55,Agree,Disagree,Agree,Agree,Disagree,Strongly_Disagree,Strongly_Agree,Strongly_Disagree,Strongly_Disagree,Agree,Strongly_Disagree,Neutral,Disagree,Disagree,2024-12-11 13:48:19.879746+00:00,6742677ecc26fc2d7868aa9b
53,EvaluateChoices,64,Agree,Neutral,Agree,Agree,Neutral,Disagree,Agree,Disagree,Strongly_Disagree,Agree,Disagree,Agree,Neutral,Agree,2024-12-11 13:49:14.905373+00:00,65a3f461bfa22dde98c10436
54,EvaluateChoices,56,Agree,Strongly_Agree,Strongly_Agree,Neutral,Agree,Strongly_Disagree,Strongly_Agree,Strongly_Disagree,Strongly_Disagree,Strongly_Agree,Strongly_Disagree,Strongly_Agree,Agree,Agree,2024-12-11 13:49:22.160094+00:00,668fa82eb6aad7177cb29ba0
55,EvaluateChoices,61,Agree,Agree,Agree,Agree,Agree,Disagree,Agree,Disagree,Disagree,Strongly_Agree,Disagree,Neutral,Neutral,Agree,2024-12-11 13:49:41.942049+00:00,5983095e9bf4fe0001071115
56,EvaluateChoices,57,Neutral,Agree,Agree,Agree,Agree,Agree,Disagree,Neutral,Neutral,Agree,Neutral,Agree,Disagree,Disagree,2024-12-11 13:49:48.027954+00:00,65958c11eace7483b2a729eb
57,EvaluateChoices,59,Disagree,Strongly_Disagree,Disagree,Agree,Disagree,Disagree,Disagree,Strongly_Disagree,Strongly_Disagree,Agree,Strongly_Disagree,Neutral,Agree,Agree,2024-12-11 13:50:01.183577+00:00,66967073cb094a7cac299bab
58,EvaluateChoices,62,Strongly_Agree,Agree,Agree,Neutral,Agree,Agree,Neutral,Disagree,Disagree,Agree,Disagree,Agree,Agree,Agree,2024-12-11 13:50:23.307517+00:00,5f2fcda9700ba6032442db9c
59,EvaluateChoices,60,Neutral,Neutral,Agree,Agree,Neutral,Disagree,Neutral,Strongly_Disagree,Strongly_Disagree,Strongly_Agree,Strongly_Disagree,Strongly_Agree,Strongly_Agree,Strongly_Agree,2024-12-11 13:50:24.704053+00:00,5ecd36302b4d3c05d4cc1ba2
60,EvaluateChoices,66,Agree,Agree,Agree,Neutral,Agree,Disagree,Agree,Strongly_Disagree,Disagree,Agree,Disagree,Agree,Agree,Agree,2024-12-11 13:50:35.635921+00:00,5f7f37094de3e60962dd36f5
61,EvaluateChoices,67,Agree,Agree,Agree,Strongly_Agree,Neutral,Disagree,Agree,Disagree,Strongly_Disagree,Strongly_Agree,Strongly_Disagree,Neutral,Neutral,Disagree,2024-12-11 13:50:38.969318+00:00,5b2a72f7c293b90001732b89
62,EvaluateChoices,68,Strongly_Agree,Strongly_Agree,Strongly_Agree,Agree,Agree,Disagree,Strongly_Agree,Strongly_Disagree,Strongly_Disagree,Strongly_Agree,Strongly_Disagree,Agree,Agree,Neutral,2024-12-11 13:50:40.805098+00:00,62d2c9d825a0449c13aa42cc
63,EvaluateChoices,63,Neutral,Disagree,Neutral,Agree,Neutral,Neutral,Neutral,Agree,Neutral,Agree,Neutral,Agree,Neutral,Neutral,2024-12-11 13:50:41.468919+00:00,6148b49d6ac652cefd310332
64,EvaluateChoices,65,Agree,Neutral,Agree,Neutral,Disagree,Strongly_Disagree,Agree,Strongly_Disagree,Strongly_Disagree,Disagree,Strongly_Disagree,Strongly_Disagree,Disagree,Disagree,2024-12-11 13:50:42.147331+00:00,63af557b3d4f219c3226b7d6
65,EvaluateChoices,58,Agree,Agree,Agree,Neutral,Agree,Disagree,Agree,Strongly_Disagree,Disagree,Agree,Neutral,Agree,Agree,Agree,2024-12-11 13:51:00.015152+00:00,5ea01b4b2d7b4d0243d93f78
66,EvaluateChoices,69,Disagree,Disagree,Disagree,Agree,Neutral,Agree,Disagree,Agree,Strongly_Disagree,Neutral,Disagree,Agree,Strongly_Disagree,Agree,2024-12-11 13:51:31.730793+00:00,664e835c732628231a08fff5
67,EvaluateChoices,72,Disagree,Disagree,Disagree,Disagree,Neutral,Strongly_Disagree,Neutral,Disagree,Disagree,Disagree,Neutral,Strongly_Disagree,Disagree,Neutral,2024-12-11 13:52:52.480679+00:00,67404f26b8b62027f2e94de6
68,EvaluateChoices,71,Strongly_Agree,Agree,Agree,Strongly_Agree,Neutral,Disagree,Agree,Strongly_Disagree,Disagree,Agree,Strongly_Disagree,Agree,Neutral,Agree,2024-12-11 13:52:58.823242+00:00,670a165e0ef22b0779d470dd
69,EvaluateChoices,70,Strongly_Agree,Agree,Strongly_Agree,Disagree,Agree,Strongly_Disagree,Agree,Disagree,Disagree,Agree,Disagree,Agree,Agree,Agree,2024-12-11 13:57:32.890862+00:00,673da9fe21638a43957ae68b
70,EvaluateChoices,73,Agree,Neutral,Agree,Agree,Neutral,Disagree,Agree,Strongly_Disagree,Disagree,Strongly_Agree,Strongly_Disagree,Agree,Neutral,Agree,2024-12-11 14:01:12.825413+00:00,62347ee217c402f4acae35d0
71,EvaluateChoices,75,Agree,Agree,Agree,Strongly_Agree,Neutral,Strongly_Disagree,Strongly_Agree,Strongly_Disagree,Neutral,Neutral,Disagree,Agree,Disagree,Neutral,2024-12-11 14:02:20.738902+00:00,646dc9848e53ff1705d8c9c5
72,EvaluateChoices,76,Agree,Agree,Agree,Agree,Strongly_Agree,Disagree,Agree,Strongly_Disagree,Strongly_Disagree,Strongly_Agree,Neutral,Agree,Agree,Agree,2024-12-11 15:03:33.043793+00:00,66cf368865143e842d98389d
73,EvaluateChoices,77,Agree,Agree,Agree,Strongly_Agree,Neutral,Disagree,Agree,Strongly_Disagree,Strongly_Disagree,Strongly_Agree,Strongly_Disagree,Neutral,Disagree,Neutral,2024-12-11 15:05:28.180851+00:00,5c92f797803bff0017fef8dd
74,EvaluateChoices,78,Agree,Agree,Agree,Agree,Agree,Agree,Disagree,Agree,Neutral,Agree,Disagree,Agree,Agree,Agree,2024-12-11 15:07:45.164299+00:00,62b4370c9a89e5a09c4447de
75,EvaluateChoices,79,Strongly_Agree,Agree,Strongly_Agree,Agree,Agree,Disagree,Agree,Strongly_Disagree,Strongly_Disagree,Agree,Strongly_Disagree,Disagree,Disagree,Strongly_Disagree,2024-12-12 10:37:01.993466+00:00,57d5ab3a722df500017f3622
